Position,Name + ID,Name,ID,Roster Position,Salary,Game Info,TeamAbbrev,AvgPointsPerGame
RB,Christian McCaffrey (15642242),Christian McCaffrey,15642242,RB/FLEX,8300,CAR@NO 10/25/2020 01:00PM ET,CAR,26.65
WR,DeAndre Hopkins (15642450),DeAndre Hopkins,15642450,WR/FLEX,8200,SEA@ARI 10/25/2020 08:20PM ET,ARI,21.35
QB,Russell Wilson (15642181),Russell Wilson,15642181,QB,8000,SEA@ARI 10/25/2020 08:20PM ET,SEA,31.88
RB,Alvin Kamara (15642244),Alvin Kamara,15642244,RB/FLEX,7900,CAR@NO 10/25/2020 01:00PM ET,NO,30.12
WR,Davante Adams (15642452),Davante Adams,15642452,WR/FLEX,7900,GB@HOU 10/25/2020 01:00PM ET,GB,21.1
RB,Ezekiel Elliott (15642246),Ezekiel Elliott,15642246,RB/FLEX,7800,DAL@WAS 10/25/2020 01:00PM ET,DAL,21.28
QB,Josh Allen (15642182),Josh Allen,15642182,QB,7700,BUF@NYJ 10/25/2020 01:00PM ET,BUF,27.79
WR,Michael Thomas (15642454),Michael Thomas,15642454,WR/FLEX,7600,CAR@NO 10/25/2020 01:00PM ET,NO,4.7
RB,Derrick Henry (15642248),Derrick Henry,15642248,RB/FLEX,7500,PIT@TEN 10/25/2020 01:00PM ET,TEN,24.04
QB,Patrick Mahomes (15642183),Patrick Mahomes,15642183,QB,7400,KC@DEN 10/25/2020 04:25PM ET,KC,28.08
WR,Calvin Ridley (15642456),Calvin Ridley,15642456,WR/FLEX,7300,DET@ATL 10/25/2020 01:00PM ET,ATL,22.17
RB,Aaron Jones (15642250),Aaron Jones,15642250,RB/FLEX,7200,GB@HOU 10/25/2020 01:00PM ET,GB,23.6
WR,DK Metcalf (15642458),DK Metcalf,15642458,WR/FLEX,7200,SEA@ARI 10/25/2020 08:20PM ET,SEA,21.32
WR,Julio Jones (15642460),Julio Jones,15642460,WR/FLEX,7100,DET@ATL 10/25/2020 01:00PM ET,ATL,19
QB,Kyler Murray (15642184),Kyler Murray,15642184,QB,7100,SEA@ARI 10/25/2020 08:20PM ET,ARI,28.08
WR,Stefon Diggs (15642462),Stefon Diggs,15642462,WR/FLEX,7000,BUF@NYJ 10/25/2020 01:00PM ET,BUF,20.75
QB,Aaron Rodgers (15642185),Aaron Rodgers,15642185,QB,7000,GB@HOU 10/25/2020 01:00PM ET,GB,23.17
WR,Amari Cooper (15642464),Amari Cooper,15642464,WR/FLEX,6900,DAL@WAS 10/25/2020 01:00PM ET,DAL,19.35
RB,Kareem Hunt (15642252),Kareem Hunt,15642252,RB/FLEX,6800,CLE@CIN 10/25/2020 01:00PM ET,CLE,15.95
QB,Deshaun Watson (15642186),Deshaun Watson,15642186,QB,6800,GB@HOU 10/25/2020 01:00PM ET,HOU,24.06
WR,Will Fuller V (15642466),Will Fuller V,15642466,WR/FLEX,6800,GB@HOU 10/25/2020 01:00PM ET,HOU,17.75
QB,Matt Ryan (15642187),Matt Ryan,15642187,QB,6700,DET@ATL 10/25/2020 01:00PM ET,ATL,20.64
WR,Kenny Golladay (15642468),Kenny Golladay,15642468,WR/FLEX,6700,DET@ATL 10/25/2020 01:00PM ET,DET,17.13
RB,James Conner (15642254),James Conner,15642254,RB/FLEX,6700,PIT@TEN 10/25/2020 01:00PM ET,PIT,18.04
RB,Mike Davis (15642256),Mike Davis,15642256,RB/FLEX,6600,CAR@NO 10/25/2020 01:00PM ET,CAR,17.18
WR,Tyler Lockett (15642470),Tyler Lockett,15642470,WR/FLEX,6600,SEA@ARI 10/25/2020 08:20PM ET,SEA,18.24
QB,Tom Brady (15667777),Tom Brady,15667777,QB,6600,TB@LV 10/25/2020 04:05PM ET,TB,20.37
QB,Ben Roethlisberger (15642188),Ben Roethlisberger,15642188,QB,6600,PIT@TEN 10/25/2020 01:00PM ET,PIT,19.16
RB,Raheem Mostert (15642258),Raheem Mostert,15642258,RB/FLEX,6500,SF@NE 10/25/2020 04:25PM ET,SF,17.08
TE,George Kittle (15642752),George Kittle,15642752,TE/FLEX,6500,SF@NE 10/25/2020 04:25PM ET,SF,21.92
QB,Matthew Stafford (15642189),Matthew Stafford,15642189,QB,6500,DET@ATL 10/25/2020 01:00PM ET,DET,17.9
WR,CeeDee Lamb (15642472),CeeDee Lamb,15642472,WR/FLEX,6500,DAL@WAS 10/25/2020 01:00PM ET,DAL,17.5
RB,Chris Carson (15642260),Chris Carson,15642260,RB/FLEX,6400,SEA@ARI 10/25/2020 08:20PM ET,SEA,19.98
WR,Tyreek Hill (15642474),Tyreek Hill,15642474,WR/FLEX,6400,KC@DEN 10/25/2020 04:25PM ET,KC,16.47
WR,Chris Godwin (15667801),Chris Godwin,15667801,WR/FLEX,6400,TB@LV 10/25/2020 04:05PM ET,TB,13.7
QB,Justin Herbert (15642190),Justin Herbert,15642190,QB,6400,JAX@LAC 10/25/2020 04:25PM ET,LAC,24.32
QB,Cam Newton (15642191),Cam Newton,15642191,QB,6300,SF@NE 10/25/2020 04:25PM ET,NE,24.24
RB,Joe Mixon (15642262),Joe Mixon,15642262,RB/FLEX,6300,CLE@CIN 10/25/2020 01:00PM ET,CIN,17.27
TE,Travis Kelce (15642754),Travis Kelce,15642754,TE/FLEX,6300,KC@DEN 10/25/2020 04:25PM ET,KC,19.33
RB,Josh Jacobs (15667783),Josh Jacobs,15667783,RB/FLEX,6300,TB@LV 10/25/2020 04:05PM ET,LV,18.5
WR,Mike Evans (15667803),Mike Evans,15667803,WR/FLEX,6300,TB@LV 10/25/2020 04:05PM ET,TB,15.52
WR,A.J. Brown (15642476),A.J. Brown,15642476,WR/FLEX,6300,PIT@TEN 10/25/2020 01:00PM ET,TEN,17.63
RB,Ronald Jones II (15667785),Ronald Jones II,15667785,RB/FLEX,6200,TB@LV 10/25/2020 04:05PM ET,TB,16.6
RB,James Robinson (15642264),James Robinson,15642264,RB/FLEX,6200,JAX@LAC 10/25/2020 04:25PM ET,JAX,17.65
WR,Keenan Allen (15642478),Keenan Allen,15642478,WR/FLEX,6200,JAX@LAC 10/25/2020 04:25PM ET,LAC,16.72
QB,Ryan Tannehill (15642192),Ryan Tannehill,15642192,QB,6200,PIT@TEN 10/25/2020 01:00PM ET,TEN,25.3
QB,Drew Brees (15642193),Drew Brees,15642193,QB,6100,CAR@NO 10/25/2020 01:00PM ET,NO,19.61
WR,Odell Beckham Jr. (15642480),Odell Beckham Jr.,15642480,WR/FLEX,6100,CLE@CIN 10/25/2020 01:00PM ET,CLE,14.47
RB,Clyde Edwards-Helaire (15642268),Clyde Edwards-Helaire,15642268,RB/FLEX,6100,KC@DEN 10/25/2020 04:25PM ET,KC,16.87
TE,Darren Waller (15667833),Darren Waller,15667833,TE/FLEX,6100,TB@LV 10/25/2020 04:05PM ET,LV,15.5
RB,Austin Ekeler (15642266),Austin Ekeler,15642266,RB/FLEX,6100,JAX@LAC 10/25/2020 04:25PM ET,LAC,15.55
WR,Robby Anderson (15642482),Robby Anderson,15642482,WR/FLEX,6000,CAR@NO 10/25/2020 01:00PM ET,CAR,18.82
RB,Todd Gurley II (15642270),Todd Gurley II,15642270,RB/FLEX,6000,DET@ATL 10/25/2020 01:00PM ET,ATL,15.33
QB,Andy Dalton (15642194),Andy Dalton,15642194,QB,6000,DAL@WAS 10/25/2020 01:00PM ET,DAL,5.49
WR,Jamison Crowder (15642484),Jamison Crowder,15642484,WR/FLEX,5900,BUF@NYJ 10/25/2020 01:00PM ET,NYJ,22.08
RB,Nick Chubb (15642272),Nick Chubb,15642272,RB/FLEX,5900,CLE@CIN 10/25/2020 01:00PM ET,CLE,16.8
QB,Gardner Minshew II (15642195),Gardner Minshew II,15642195,QB,5900,JAX@LAC 10/25/2020 04:25PM ET,JAX,21.56
RB,Jerick McKinnon (15642276),Jerick McKinnon,15642276,RB/FLEX,5800,SF@NE 10/25/2020 04:25PM ET,SF,12.3
QB,Teddy Bridgewater (15642196),Teddy Bridgewater,15642196,QB,5800,CAR@NO 10/25/2020 01:00PM ET,CAR,18.52
RB,Devin Singletary (15642274),Devin Singletary,15642274,RB/FLEX,5800,BUF@NYJ 10/25/2020 01:00PM ET,BUF,10.75
WR,Terry McLaurin (15642486),Terry McLaurin,15642486,WR/FLEX,5800,DAL@WAS 10/25/2020 01:00PM ET,WAS,16.17
WR,Chase Claypool (15642488),Chase Claypool,15642488,WR/FLEX,5700,PIT@TEN 10/25/2020 01:00PM ET,PIT,18.32
WR,DJ Moore (15642490),DJ Moore,15642490,WR/FLEX,5600,CAR@NO 10/25/2020 01:00PM ET,CAR,13.9
QB,Baker Mayfield (15642197),Baker Mayfield,15642197,QB,5600,CLE@CIN 10/25/2020 01:00PM ET,CLE,13.58
RB,Tony Pollard (15642278),Tony Pollard,15642278,RB/FLEX,5600,DAL@WAS 10/25/2020 01:00PM ET,DAL,4.83
QB,Joe Burrow (15642198),Joe Burrow,15642198,QB,5500,CLE@CIN 10/25/2020 01:00PM ET,CIN,19.23
RB,Melvin Gordon III (15642280),Melvin Gordon III,15642280,RB/FLEX,5500,KC@DEN 10/25/2020 04:25PM ET,DEN,17.4
WR,DJ Chark Jr. (15642494),DJ Chark Jr.,15642494,WR/FLEX,5500,JAX@LAC 10/25/2020 04:25PM ET,JAX,13.9
WR,JuJu Smith-Schuster (15642492),JuJu Smith-Schuster,15642492,WR/FLEX,5500,PIT@TEN 10/25/2020 01:00PM ET,PIT,12.48
RB,D'Andre Swift (15642282),D'Andre Swift,15642282,RB/FLEX,5400,DET@ATL 10/25/2020 01:00PM ET,DET,14.38
WR,Tyler Boyd (15642496),Tyler Boyd,15642496,WR/FLEX,5400,CLE@CIN 10/25/2020 01:00PM ET,CIN,15.08
QB,Derek Carr (15667778),Derek Carr,15667778,QB,5400,TB@LV 10/25/2020 04:05PM ET,LV,21.22
QB,Jimmy Garoppolo (15642199),Jimmy Garoppolo,15642199,QB,5300,SF@NE 10/25/2020 04:25PM ET,SF,14.28
WR,Tee Higgins (15642498),Tee Higgins,15642498,WR/FLEX,5300,CLE@CIN 10/25/2020 01:00PM ET,CIN,12.07
RB,David Johnson (15642284),David Johnson,15642284,RB/FLEX,5300,GB@HOU 10/25/2020 01:00PM ET,HOU,12.82
RB,Phillip Lindsay (15642286),Phillip Lindsay,15642286,RB/FLEX,5300,KC@DEN 10/25/2020 04:25PM ET,DEN,8.8
WR,Brandin Cooks (15642500),Brandin Cooks,15642500,WR/FLEX,5200,GB@HOU 10/25/2020 01:00PM ET,HOU,13.12
QB,Kyle Allen (15642200),Kyle Allen,15642200,QB,5200,DAL@WAS 10/25/2020 01:00PM ET,WAS,13.83
WR,Emmanuel Sanders (15642502),Emmanuel Sanders,15642502,WR/FLEX,5100,CAR@NO 10/25/2020 01:00PM ET,NO,14.28
WR,John Brown (15642504),John Brown,15642504,WR/FLEX,5100,BUF@NYJ 10/25/2020 01:00PM ET,BUF,9.08
QB,Drew Lock (15642201),Drew Lock,15642201,QB,5100,KC@DEN 10/25/2020 04:25PM ET,DEN,6.13
WR,Jerry Jeudy (15642506),Jerry Jeudy,15642506,WR/FLEX,5100,KC@DEN 10/25/2020 04:25PM ET,DEN,9.92
RB,Joshua Kelley (15642288),Joshua Kelley,15642288,RB/FLEX,5100,JAX@LAC 10/25/2020 04:25PM ET,LAC,8.32
QB,Jarrett Stidham (15642205),Jarrett Stidham,15642205,QB,5000,SF@NE 10/25/2020 04:25PM ET,NE,4.7
QB,C.J. Beathard (15642206),C.J. Beathard,15642206,QB,5000,SF@NE 10/25/2020 04:25PM ET,SF,6.14
WR,Deebo Samuel (15642508),Deebo Samuel,15642508,WR/FLEX,5000,SF@NE 10/25/2020 04:25PM ET,SF,9.9
WR,Julian Edelman (15642510),Julian Edelman,15642510,WR/FLEX,5000,SF@NE 10/25/2020 04:25PM ET,NE,11.38
QB,Sam Darnold (15642202),Sam Darnold,15642202,QB,5000,BUF@NYJ 10/25/2020 01:00PM ET,NYJ,14.34
TE,T.J. Hockenson (15642756),T.J. Hockenson,15642756,TE/FLEX,5000,DET@ATL 10/25/2020 01:00PM ET,DET,11.34
QB,Dwayne Haskins Jr. (15642203),Dwayne Haskins Jr.,15642203,QB,5000,DAL@WAS 10/25/2020 01:00PM ET,WAS,15.14
QB,Alex Smith (15642204),Alex Smith,15642204,QB,5000,DAL@WAS 10/25/2020 01:00PM ET,WAS,1.58
RB,Antonio Gibson (15642290),Antonio Gibson,15642290,RB/FLEX,5000,DAL@WAS 10/25/2020 01:00PM ET,WAS,12.5
RB,James White (15642294),James White,15642294,RB/FLEX,4900,SF@NE 10/25/2020 04:25PM ET,NE,12.13
WR,Cole Beasley (15642512),Cole Beasley,15642512,WR/FLEX,4900,BUF@NYJ 10/25/2020 01:00PM ET,BUF,13.13
RB,Chase Edmonds (15642292),Chase Edmonds,15642292,RB/FLEX,4900,SEA@ARI 10/25/2020 08:20PM ET,ARI,10.38
WR,Christian Kirk (15642514),Christian Kirk,15642514,WR/FLEX,4900,SEA@ARI 10/25/2020 08:20PM ET,ARI,11.06
RB,Justin Jackson (15642296),Justin Jackson,15642296,RB/FLEX,4900,JAX@LAC 10/25/2020 04:25PM ET,LAC,6.3
QB,Will Grier (15642208),Will Grier,15642208,QB,4800,CAR@NO 10/25/2020 01:00PM ET,CAR,0
RB,Latavius Murray (15642300),Latavius Murray,15642300,RB/FLEX,4800,CAR@NO 10/25/2020 01:00PM ET,NO,9.32
QB,Joe Flacco (15642209),Joe Flacco,15642209,QB,4800,BUF@NYJ 10/25/2020 01:00PM ET,NYJ,6.96
RB,Kenyan Drake (15642298),Kenyan Drake,15642298,RB/FLEX,4800,SEA@ARI 10/25/2020 08:20PM ET,ARI,13.83
QB,Brett Rypien (15642207),Brett Rypien,15642207,QB,4800,KC@DEN 10/25/2020 04:25PM ET,DEN,7.65
TE,Noah Fant (15642758),Noah Fant,15642758,TE/FLEX,4800,KC@DEN 10/25/2020 04:25PM ET,DEN,13.72
WR,Henry Ruggs III (15667805),Henry Ruggs III,15667805,WR/FLEX,4800,TB@LV 10/25/2020 04:05PM ET,LV,11.27
WR,Corey Davis (15642516),Corey Davis,15642516,WR/FLEX,4800,PIT@TEN 10/25/2020 01:00PM ET,TEN,14.87
DST,Bills  (15642940),Bills ,15642940,DST,4700,BUF@NYJ 10/25/2020 01:00PM ET,BUF,3.33
QB,Matt Schaub (15642211),Matt Schaub,15642211,QB,4700,DET@ATL 10/25/2020 01:00PM ET,ATL,0
QB,AJ McCarron (15642210),AJ McCarron,15642210,QB,4700,GB@HOU 10/25/2020 01:00PM ET,HOU,0
WR,Keelan Cole (15642518),Keelan Cole,15642518,WR/FLEX,4700,JAX@LAC 10/25/2020 04:25PM ET,JAX,14.07
WR,Mike Williams (15642520),Mike Williams,15642520,WR/FLEX,4700,JAX@LAC 10/25/2020 04:25PM ET,LAC,11.98
TE,Jonnu Smith (15642760),Jonnu Smith,15642760,TE/FLEX,4700,PIT@TEN 10/25/2020 01:00PM ET,TEN,14.48
QB,Brian Hoyer (15642212),Brian Hoyer,15642212,QB,4600,SF@NE 10/25/2020 04:25PM ET,NE,4
QB,P.J. Walker (15642213),P.J. Walker,15642213,QB,4600,CAR@NO 10/25/2020 01:00PM ET,CAR,0
RB,Adrian Peterson (15642302),Adrian Peterson,15642302,RB/FLEX,4600,DET@ATL 10/25/2020 01:00PM ET,DET,10.08
WR,Jarvis Landry (15642524),Jarvis Landry,15642524,WR/FLEX,4600,CLE@CIN 10/25/2020 01:00PM ET,CLE,10.23
TE,Robert Tonyan (15642762),Robert Tonyan,15642762,TE/FLEX,4600,GB@HOU 10/25/2020 01:00PM ET,GB,13.16
RB,J.D. McKissic (15642304),J.D. McKissic,15642304,RB/FLEX,4600,DAL@WAS 10/25/2020 01:00PM ET,WAS,8.38
WR,Michael Gallup (15642530),Michael Gallup,15642530,WR/FLEX,4600,DAL@WAS 10/25/2020 01:00PM ET,DAL,10.85
WR,Sammy Watkins (15642522),Sammy Watkins,15642522,WR/FLEX,4600,KC@DEN 10/25/2020 04:25PM ET,KC,10.9
WR,Tim Patrick (15642528),Tim Patrick,15642528,WR/FLEX,4600,KC@DEN 10/25/2020 04:25PM ET,DEN,13.8
RB,Leonard Fournette (15667787),Leonard Fournette,15667787,RB/FLEX,4600,TB@LV 10/25/2020 04:05PM ET,TB,12.57
TE,Rob Gronkowski (15667835),Rob Gronkowski,15667835,TE/FLEX,4600,TB@LV 10/25/2020 04:05PM ET,TB,7.47
WR,Adam Humphries (15642526),Adam Humphries,15642526,WR/FLEX,4600,PIT@TEN 10/25/2020 01:00PM ET,TEN,13.25
RB,Damien Harris (15642306),Damien Harris,15642306,RB/FLEX,4500,SF@NE 10/25/2020 04:25PM ET,NE,8.65
QB,Ryan Finley (15642215),Ryan Finley,15642215,QB,4500,CLE@CIN 10/25/2020 01:00PM ET,CIN,0
RB,Giovani Bernard (15642308),Giovani Bernard,15642308,RB/FLEX,4500,CLE@CIN 10/25/2020 01:00PM ET,CIN,6.32
WR,Allen Lazard (15642532),Allen Lazard,15642532,WR/FLEX,4500,GB@HOU 10/25/2020 01:00PM ET,GB,18.37
WR,Mecole Hardman (15642536),Mecole Hardman,15642536,WR/FLEX,4500,KC@DEN 10/25/2020 04:25PM ET,KC,7.78
QB,Mike Glennon (15642214),Mike Glennon,15642214,QB,4500,JAX@LAC 10/25/2020 04:25PM ET,JAX,0
WR,Laviska Shenault Jr. (15642534),Laviska Shenault Jr.,15642534,WR/FLEX,4500,JAX@LAC 10/25/2020 04:25PM ET,JAX,10.9
TE,Hunter Henry (15642764),Hunter Henry,15642764,TE/FLEX,4500,JAX@LAC 10/25/2020 04:25PM ET,LAC,10.96
QB,Jameis Winston (15642216),Jameis Winston,15642216,QB,4400,CAR@NO 10/25/2020 01:00PM ET,NO,0
WR,Marvin Jones Jr. (15642538),Marvin Jones Jr.,15642538,WR/FLEX,4400,DET@ATL 10/25/2020 01:00PM ET,DET,6.92
WR,Russell Gage (15642540),Russell Gage,15642540,WR/FLEX,4400,DET@ATL 10/25/2020 01:00PM ET,ATL,10.45
TE,Hayden Hurst (15642766),Hayden Hurst,15642766,TE/FLEX,4400,DET@ATL 10/25/2020 01:00PM ET,ATL,9.95
RB,Le'Veon Bell (15656866),Le'Veon Bell,15656866,RB/FLEX,4400,KC@DEN 10/25/2020 04:25PM ET,KC,7.15
TE,Jared Cook (15642768),Jared Cook,15642768,TE/FLEX,4300,CAR@NO 10/25/2020 01:00PM ET,NO,9.9
RB,Frank Gore (15642310),Frank Gore,15642310,RB/FLEX,4300,BUF@NYJ 10/25/2020 01:00PM ET,NYJ,5.75
WR,A.J. Green (15642542),A.J. Green,15642542,WR/FLEX,4300,CLE@CIN 10/25/2020 01:00PM ET,CIN,7.25
WR,Randall Cobb (15642544),Randall Cobb,15642544,WR/FLEX,4300,GB@HOU 10/25/2020 01:00PM ET,HOU,10.28
DST,Chiefs  (15642941),Chiefs ,15642941,DST,4300,KC@DEN 10/25/2020 04:25PM ET,KC,6.83
QB,Marcus Mariota (15667779),Marcus Mariota,15667779,QB,4300,TB@LV 10/25/2020 04:05PM ET,LV,0
RB,JaMycal Hasty (15642316),JaMycal Hasty,15642316,RB/FLEX,4200,SF@NE 10/25/2020 04:25PM ET,SF,2.17
RB,La'Mical Perine (15642312),La'Mical Perine,15642312,RB/FLEX,4200,BUF@NYJ 10/25/2020 01:00PM ET,NYJ,2.62
RB,Zack Moss (15642314),Zack Moss,15642314,RB/FLEX,4200,BUF@NYJ 10/25/2020 01:00PM ET,BUF,5.47
QB,Chase Daniel (15642218),Chase Daniel,15642218,QB,4200,DET@ATL 10/25/2020 01:00PM ET,DET,0
QB,Tim Boyle (15642217),Tim Boyle,15642217,QB,4200,GB@HOU 10/25/2020 01:00PM ET,GB,-0.1
WR,Larry Fitzgerald (15642548),Larry Fitzgerald,15642548,WR/FLEX,4200,SEA@ARI 10/25/2020 08:20PM ET,ARI,5.92
WR,Hunter Renfrow (15667807),Hunter Renfrow,15667807,WR/FLEX,4200,TB@LV 10/25/2020 04:05PM ET,LV,9.42
WR,Diontae Johnson (15642546),Diontae Johnson,15642546,WR/FLEX,4200,PIT@TEN 10/25/2020 01:00PM ET,PIT,8.9
WR,Brandon Aiyuk (15642554),Brandon Aiyuk,15642554,WR/FLEX,4100,SF@NE 10/25/2020 04:25PM ET,SF,11.08
QB,Taysom Hill (15642225),Taysom Hill,15642225,QB,4100,CAR@NO 10/25/2020 01:00PM ET,NO,3.28
QB,Case Keenum (15642224),Case Keenum,15642224,QB,4100,CLE@CIN 10/25/2020 01:00PM ET,CLE,1.84
WR,Marquez Valdes-Scantling (15642552),Marquez Valdes-Scantling,15642552,WR/FLEX,4100,GB@HOU 10/25/2020 01:00PM ET,GB,9.04
TE,Darren Fells (15642770),Darren Fells,15642770,TE/FLEX,4100,GB@HOU 10/25/2020 01:00PM ET,HOU,8.75
QB,Ben DiNucci (15642223),Ben DiNucci,15642223,QB,4100,DAL@WAS 10/25/2020 01:00PM ET,DAL,0
QB,Geno Smith (15642222),Geno Smith,15642222,QB,4100,SEA@ARI 10/25/2020 08:20PM ET,SEA,0
QB,Blaine Gabbert (15667780),Blaine Gabbert,15667780,QB,4100,TB@LV 10/25/2020 04:05PM ET,TB,0.2
QB,Nathan Peterman (15667781),Nathan Peterman,15667781,QB,4100,TB@LV 10/25/2020 04:05PM ET,LV,0
QB,Tyrod Taylor (15642221),Tyrod Taylor,15642221,QB,4100,JAX@LAC 10/25/2020 04:25PM ET,LAC,9.02
QB,Mason Rudolph (15642219),Mason Rudolph,15642219,QB,4100,PIT@TEN 10/25/2020 01:00PM ET,PIT,-0.06
QB,Logan Woodside (15642220),Logan Woodside,15642220,QB,4100,PIT@TEN 10/25/2020 01:00PM ET,TEN,0
WR,James Washington (15642550),James Washington,15642550,WR/FLEX,4100,PIT@TEN 10/25/2020 01:00PM ET,PIT,9.5
QB,Nick Mullens (15642241),Nick Mullens,15642241,QB,4000,SF@NE 10/25/2020 04:25PM ET,SF,10.45
RB,Jeff Wilson Jr. (15642436),Jeff Wilson Jr.,15642436,RB/FLEX,4000,SF@NE 10/25/2020 04:25PM ET,SF,5.56
RB,Tevin Coleman (15642438),Tevin Coleman,15642438,RB/FLEX,4000,SF@NE 10/25/2020 04:25PM ET,SF,4.7
RB,Kyle Juszczyk (15642440),Kyle Juszczyk,15642440,RB/FLEX,4000,SF@NE 10/25/2020 04:25PM ET,SF,3.55
RB,Rex Burkhead (15642442),Rex Burkhead,15642442,RB/FLEX,4000,SF@NE 10/25/2020 04:25PM ET,NE,10.86
RB,J.J. Taylor (15642444),J.J. Taylor,15642444,RB/FLEX,4000,SF@NE 10/25/2020 04:25PM ET,NE,2.8
RB,Sony Michel (15642446),Sony Michel,15642446,RB/FLEX,4000,SF@NE 10/25/2020 04:25PM ET,NE,10.2
RB,Jakob Johnson (15642448),Jakob Johnson,15642448,RB/FLEX,4000,SF@NE 10/25/2020 04:25PM ET,NE,2.18
RB,Trenton Cannon (15642426),Trenton Cannon,15642426,RB/FLEX,4000,CAR@NO 10/25/2020 01:00PM ET,CAR,1.15
RB,Alex Armah (15642428),Alex Armah,15642428,RB/FLEX,4000,CAR@NO 10/25/2020 01:00PM ET,CAR,0.48
RB,Dwayne Washington (15642430),Dwayne Washington,15642430,RB/FLEX,4000,CAR@NO 10/25/2020 01:00PM ET,NO,0
RB,Ty Montgomery (15642432),Ty Montgomery,15642432,RB/FLEX,4000,CAR@NO 10/25/2020 01:00PM ET,NO,2.05
RB,Michael Burton (15642434),Michael Burton,15642434,RB/FLEX,4000,CAR@NO 10/25/2020 01:00PM ET,NO,0.38
WR,Tre'Quan Smith (15642556),Tre'Quan Smith,15642556,WR/FLEX,4000,CAR@NO 10/25/2020 01:00PM ET,NO,9.48
QB,Matt Barkley (15642226),Matt Barkley,15642226,QB,4000,BUF@NYJ 10/25/2020 01:00PM ET,BUF,0.88
QB,James Morgan (15642238),James Morgan,15642238,QB,4000,BUF@NYJ 10/25/2020 01:00PM ET,NYJ,0
QB,Mike White (15642239),Mike White,15642239,QB,4000,BUF@NYJ 10/25/2020 01:00PM ET,NYJ,0
QB,Jake Fromm (15642240),Jake Fromm,15642240,QB,4000,BUF@NYJ 10/25/2020 01:00PM ET,BUF,0
RB,Ty Johnson (15642420),Ty Johnson,15642420,RB/FLEX,4000,BUF@NYJ 10/25/2020 01:00PM ET,NYJ,2.1
RB,T.J. Yeldon (15642422),T.J. Yeldon,15642422,RB/FLEX,4000,BUF@NYJ 10/25/2020 01:00PM ET,BUF,5.4
RB,Taiwan Jones (15642424),Taiwan Jones,15642424,RB/FLEX,4000,BUF@NYJ 10/25/2020 01:00PM ET,BUF,0
QB,David Blough (15642237),David Blough,15642237,QB,4000,DET@ATL 10/25/2020 01:00PM ET,DET,0
RB,Kerryon Johnson (15642406),Kerryon Johnson,15642406,RB/FLEX,4000,DET@ATL 10/25/2020 01:00PM ET,DET,3.96
RB,Bo Scarbrough (15642408),Bo Scarbrough,15642408,RB/FLEX,4000,DET@ATL 10/25/2020 01:00PM ET,DET,0
RB,Jason Cabinda (15642410),Jason Cabinda,15642410,RB/FLEX,4000,DET@ATL 10/25/2020 01:00PM ET,DET,0.35
RB,Brian Hill (15642412),Brian Hill,15642412,RB/FLEX,4000,DET@ATL 10/25/2020 01:00PM ET,ATL,6.6
RB,Ito Smith (15642414),Ito Smith,15642414,RB/FLEX,4000,DET@ATL 10/25/2020 01:00PM ET,ATL,2.57
RB,Qadree Ollison (15642416),Qadree Ollison,15642416,RB/FLEX,4000,DET@ATL 10/25/2020 01:00PM ET,ATL,0
RB,Keith Smith (15642418),Keith Smith,15642418,RB/FLEX,4000,DET@ATL 10/25/2020 01:00PM ET,ATL,0.9
RB,D'Ernest Johnson (15642396),D'Ernest Johnson,15642396,RB/FLEX,4000,CLE@CIN 10/25/2020 01:00PM ET,CLE,2.45
RB,Dontrell Hilliard (15642398),Dontrell Hilliard,15642398,RB/FLEX,4000,CLE@CIN 10/25/2020 01:00PM ET,CLE,3
RB,Andy Janovich (15642400),Andy Janovich,15642400,RB/FLEX,4000,CLE@CIN 10/25/2020 01:00PM ET,CLE,0.74
RB,Samaje Perine (15642402),Samaje Perine,15642402,RB/FLEX,4000,CLE@CIN 10/25/2020 01:00PM ET,CIN,0
RB,Trayveon Williams (15642404),Trayveon Williams,15642404,RB/FLEX,4000,CLE@CIN 10/25/2020 01:00PM ET,CIN,0
TE,Austin Hooper (15642772),Austin Hooper,15642772,TE/FLEX,4000,CLE@CIN 10/25/2020 01:00PM ET,CLE,8.08
QB,Jordan Love (15642236),Jordan Love,15642236,QB,4000,GB@HOU 10/25/2020 01:00PM ET,GB,0
RB,Jamaal Williams (15642378),Jamaal Williams,15642378,RB/FLEX,4000,GB@HOU 10/25/2020 01:00PM ET,GB,8.22
RB,AJ Dillon (15642380),AJ Dillon,15642380,RB/FLEX,4000,GB@HOU 10/25/2020 01:00PM ET,GB,1.3
RB,Patrick Taylor (15642382),Patrick Taylor,15642382,RB/FLEX,4000,GB@HOU 10/25/2020 01:00PM ET,GB,0
RB,Tyler Ervin (15642384),Tyler Ervin,15642384,RB/FLEX,4000,GB@HOU 10/25/2020 01:00PM ET,GB,2.98
RB,Duke Johnson (15642386),Duke Johnson,15642386,RB/FLEX,4000,GB@HOU 10/25/2020 01:00PM ET,HOU,3.48
RB,C.J. Prosise (15642388),C.J. Prosise,15642388,RB/FLEX,4000,GB@HOU 10/25/2020 01:00PM ET,HOU,0.03
RB,Buddy Howell (15642390),Buddy Howell,15642390,RB/FLEX,4000,GB@HOU 10/25/2020 01:00PM ET,HOU,0
RB,Scottie Phillips (15642392),Scottie Phillips,15642392,RB/FLEX,4000,GB@HOU 10/25/2020 01:00PM ET,HOU,0
RB,Cullen Gillaspia (15642394),Cullen Gillaspia,15642394,RB/FLEX,4000,GB@HOU 10/25/2020 01:00PM ET,HOU,0.8
QB,Dak Prescott (15642235),Dak Prescott,15642235,QB,4000,DAL@WAS 10/25/2020 01:00PM ET,DAL,30.33
RB,Peyton Barber (15642372),Peyton Barber,15642372,RB/FLEX,4000,DAL@WAS 10/25/2020 01:00PM ET,WAS,3.62
RB,Bryce Love (15642374),Bryce Love,15642374,RB/FLEX,4000,DAL@WAS 10/25/2020 01:00PM ET,WAS,0
RB,Rico Dowdle (15642376),Rico Dowdle,15642376,RB/FLEX,4000,DAL@WAS 10/25/2020 01:00PM ET,DAL,0.32
QB,Chris Streveler (15642230),Chris Streveler,15642230,QB,4000,SEA@ARI 10/25/2020 08:20PM ET,ARI,0.1
QB,Brett Hundley (15642234),Brett Hundley,15642234,QB,4000,SEA@ARI 10/25/2020 08:20PM ET,ARI,0
RB,Carlos Hyde (15642318),Carlos Hyde,15642318,RB/FLEX,4000,SEA@ARI 10/25/2020 08:20PM ET,SEA,5.77
RB,Travis Homer (15642360),Travis Homer,15642360,RB/FLEX,4000,SEA@ARI 10/25/2020 08:20PM ET,SEA,3.1
RB,DeeJay Dallas (15642362),DeeJay Dallas,15642362,RB/FLEX,4000,SEA@ARI 10/25/2020 08:20PM ET,SEA,1.43
RB,Rashaad Penny (15642364),Rashaad Penny,15642364,RB/FLEX,4000,SEA@ARI 10/25/2020 08:20PM ET,SEA,0
RB,Nick Bellore (15642366),Nick Bellore,15642366,RB/FLEX,4000,SEA@ARI 10/25/2020 08:20PM ET,SEA,0
RB,Eno Benjamin (15642368),Eno Benjamin,15642368,RB/FLEX,4000,SEA@ARI 10/25/2020 08:20PM ET,ARI,0
RB,Jonathan Ward (15642370),Jonathan Ward,15642370,RB/FLEX,4000,SEA@ARI 10/25/2020 08:20PM ET,ARI,0
QB,Blake Bortles (15642227),Blake Bortles,15642227,QB,4000,KC@DEN 10/25/2020 04:25PM ET,DEN,0
QB,Jeff Driskel (15642228),Jeff Driskel,15642228,QB,4000,KC@DEN 10/25/2020 04:25PM ET,DEN,10.69
QB,Chad Henne (15642229),Chad Henne,15642229,QB,4000,KC@DEN 10/25/2020 04:25PM ET,KC,0
RB,Darrel Williams (15642346),Darrel Williams,15642346,RB/FLEX,4000,KC@DEN 10/25/2020 04:25PM ET,KC,4.35
RB,Darwin Thompson (15642348),Darwin Thompson,15642348,RB/FLEX,4000,KC@DEN 10/25/2020 04:25PM ET,KC,0.98
RB,DeAndre Washington (15642350),DeAndre Washington,15642350,RB/FLEX,4000,KC@DEN 10/25/2020 04:25PM ET,KC,0
RB,Anthony Sherman (15642352),Anthony Sherman,15642352,RB/FLEX,4000,KC@DEN 10/25/2020 04:25PM ET,KC,1.92
RB,Royce Freeman (15642354),Royce Freeman,15642354,RB/FLEX,4000,KC@DEN 10/25/2020 04:25PM ET,DEN,3.38
RB,Jeremy Cox (15642356),Jeremy Cox,15642356,RB/FLEX,4000,KC@DEN 10/25/2020 04:25PM ET,DEN,0
RB,LeVante Bellamy (15642358),LeVante Bellamy,15642358,RB/FLEX,4000,KC@DEN 10/25/2020 04:25PM ET,DEN,0
QB,Ryan Griffin (15667782),Ryan Griffin,15667782,QB,4000,TB@LV 10/25/2020 04:05PM ET,TB,0
RB,LeSean McCoy (15667789),LeSean McCoy,15667789,RB/FLEX,4000,TB@LV 10/25/2020 04:05PM ET,TB,3.2
RB,Ke'Shawn Vaughn (15667791),Ke'Shawn Vaughn,15667791,RB/FLEX,4000,TB@LV 10/25/2020 04:05PM ET,TB,4.08
RB,T.J. Logan (15667793),T.J. Logan,15667793,RB/FLEX,4000,TB@LV 10/25/2020 04:05PM ET,TB,0
RB,Jalen Richard (15667795),Jalen Richard,15667795,RB/FLEX,4000,TB@LV 10/25/2020 04:05PM ET,LV,5.38
RB,Devontae Booker (15667797),Devontae Booker,15667797,RB/FLEX,4000,TB@LV 10/25/2020 04:05PM ET,LV,5.12
RB,Alec Ingold (15667799),Alec Ingold,15667799,RB/FLEX,4000,TB@LV 10/25/2020 04:05PM ET,LV,3.98
QB,Jake Luton (15642232),Jake Luton,15642232,QB,4000,JAX@LAC 10/25/2020 04:25PM ET,JAX,0
QB,Easton Stick (15642233),Easton Stick,15642233,QB,4000,JAX@LAC 10/25/2020 04:25PM ET,LAC,0
RB,Chris Thompson (15642334),Chris Thompson,15642334,RB/FLEX,4000,JAX@LAC 10/25/2020 04:25PM ET,JAX,5.8
RB,Dare Ogunbowale (15642336),Dare Ogunbowale,15642336,RB/FLEX,4000,JAX@LAC 10/25/2020 04:25PM ET,JAX,0
RB,Devine Ozigbo (15642338),Devine Ozigbo,15642338,RB/FLEX,4000,JAX@LAC 10/25/2020 04:25PM ET,JAX,0
RB,Ryquell Armstead (15642340),Ryquell Armstead,15642340,RB/FLEX,4000,JAX@LAC 10/25/2020 04:25PM ET,JAX,0
RB,Bruce Miller (15642342),Bruce Miller,15642342,RB/FLEX,4000,JAX@LAC 10/25/2020 04:25PM ET,JAX,0.24
RB,Gabe Nabers (15642344),Gabe Nabers,15642344,RB/FLEX,4000,JAX@LAC 10/25/2020 04:25PM ET,LAC,0.38
QB,Josh Dobbs (15642231),Josh Dobbs,15642231,QB,4000,PIT@TEN 10/25/2020 01:00PM ET,PIT,0
RB,Benny Snell Jr. (15642320),Benny Snell Jr.,15642320,RB/FLEX,4000,PIT@TEN 10/25/2020 01:00PM ET,PIT,5.3
RB,Anthony McFarland Jr. (15642322),Anthony McFarland Jr.,15642322,RB/FLEX,4000,PIT@TEN 10/25/2020 01:00PM ET,PIT,2.77
RB,Jaylen Samuels (15642324),Jaylen Samuels,15642324,RB/FLEX,4000,PIT@TEN 10/25/2020 01:00PM ET,PIT,0.93
RB,Derek Watt (15642326),Derek Watt,15642326,RB/FLEX,4000,PIT@TEN 10/25/2020 01:00PM ET,PIT,0
RB,Jeremy McNichols (15642328),Jeremy McNichols,15642328,RB/FLEX,4000,PIT@TEN 10/25/2020 01:00PM ET,TEN,2.9
RB,Darrynton Evans (15642330),Darrynton Evans,15642330,RB/FLEX,4000,PIT@TEN 10/25/2020 01:00PM ET,TEN,1.05
RB,Senorise Perry (15642332),Senorise Perry,15642332,RB/FLEX,4000,PIT@TEN 10/25/2020 01:00PM ET,TEN,0.45
TE,Eric Ebron (15642774),Eric Ebron,15642774,TE/FLEX,4000,PIT@TEN 10/25/2020 01:00PM ET,PIT,7.5
WR,N'Keal Harry (15642560),N'Keal Harry,15642560,WR/FLEX,3900,SF@NE 10/25/2020 04:25PM ET,NE,7.96
DST,Patriots  (15642942),Patriots ,15642942,DST,3900,SF@NE 10/25/2020 04:25PM ET,NE,8.6
WR,Curtis Samuel (15642558),Curtis Samuel,15642558,WR/FLEX,3900,CAR@NO 10/25/2020 01:00PM ET,CAR,8.72
TE,Dalton Schultz (15642776),Dalton Schultz,15642776,TE/FLEX,3900,DAL@WAS 10/25/2020 01:00PM ET,DAL,10
WR,Andy Isabella (15642562),Andy Isabella,15642562,WR/FLEX,3900,SEA@ARI 10/25/2020 08:20PM ET,ARI,6.02
WR,Nelson Agholor (15667809),Nelson Agholor,15667809,WR/FLEX,3900,TB@LV 10/25/2020 04:05PM ET,LV,9.3
WR,Damiere Byrd (15642564),Damiere Byrd,15642564,WR/FLEX,3800,SF@NE 10/25/2020 04:25PM ET,NE,7.74
WR,Breshad Perriman (15642566),Breshad Perriman,15642566,WR/FLEX,3700,BUF@NYJ 10/25/2020 01:00PM ET,NYJ,6.03
WR,Scotty Miller (15667811),Scotty Miller,15667811,WR/FLEX,3700,TB@LV 10/25/2020 04:05PM ET,TB,9.66
DST,Buccaneers  (15667853),Buccaneers ,15667853,DST,3700,TB@LV 10/25/2020 04:05PM ET,TB,10.5
WR,Gabriel Davis (15642568),Gabriel Davis,15642568,WR/FLEX,3600,BUF@NYJ 10/25/2020 01:00PM ET,BUF,7.57
WR,Dontrelle Inman (15642570),Dontrelle Inman,15642570,WR/FLEX,3600,DAL@WAS 10/25/2020 01:00PM ET,WAS,7.3
TE,Greg Olsen (15642778),Greg Olsen,15642778,TE/FLEX,3600,SEA@ARI 10/25/2020 08:20PM ET,SEA,7
WR,KJ Hamler (15642572),KJ Hamler,15642572,WR/FLEX,3600,KC@DEN 10/25/2020 04:25PM ET,DEN,4.83
TE,Logan Thomas (15642780),Logan Thomas,15642780,TE/FLEX,3500,DAL@WAS 10/25/2020 01:00PM ET,WAS,7.3
WR,Tyler Johnson (15667813),Tyler Johnson,15667813,WR/FLEX,3500,TB@LV 10/25/2020 04:05PM ET,TB,4.45
DST,Steelers  (15642943),Steelers ,15642943,DST,3500,PIT@TEN 10/25/2020 01:00PM ET,PIT,10.8
WR,Kendrick Bourne (15642576),Kendrick Bourne,15642576,WR/FLEX,3400,SF@NE 10/25/2020 04:25PM ET,SF,8.35
WR,Demarcus Robinson (15642574),Demarcus Robinson,15642574,WR/FLEX,3400,KC@DEN 10/25/2020 04:25PM ET,KC,4.98
DST,Chargers  (15642944),Chargers ,15642944,DST,3400,JAX@LAC 10/25/2020 04:25PM ET,LAC,5
DST,49ers  (15642945),49ers ,15642945,DST,3300,SF@NE 10/25/2020 04:25PM ET,SF,5
TE,Dawson Knox (15642782),Dawson Knox,15642782,TE/FLEX,3300,BUF@NYJ 10/25/2020 01:00PM ET,BUF,3.58
WR,Danny Amendola (15642578),Danny Amendola,15642578,WR/FLEX,3300,DET@ATL 10/25/2020 01:00PM ET,DET,6.56
WR,Cedrick Wilson (15642580),Cedrick Wilson,15642580,WR/FLEX,3300,DAL@WAS 10/25/2020 01:00PM ET,DAL,8.46
DST,Saints  (15642946),Saints ,15642946,DST,3200,CAR@NO 10/25/2020 01:00PM ET,NO,5
WR,Braxton Berrios (15642586),Braxton Berrios,15642586,WR/FLEX,3200,BUF@NYJ 10/25/2020 01:00PM ET,NYJ,6.4
TE,Drew Sample (15642786),Drew Sample,15642786,TE/FLEX,3200,CLE@CIN 10/25/2020 01:00PM ET,CIN,4.37
TE,Jordan Akins (15642784),Jordan Akins,15642784,TE/FLEX,3200,GB@HOU 10/25/2020 01:00PM ET,HOU,9.2
WR,Jalen Guyton (15642582),Jalen Guyton,15642582,WR/FLEX,3200,JAX@LAC 10/25/2020 04:25PM ET,LAC,7
WR,Kalif Raymond (15642584),Kalif Raymond,15642584,WR/FLEX,3200,PIT@TEN 10/25/2020 01:00PM ET,TEN,5.66
TE,Tyler Kroft (15642788),Tyler Kroft,15642788,TE/FLEX,3100,BUF@NYJ 10/25/2020 01:00PM ET,BUF,3.72
DST,Packers  (15642947),Packers ,15642947,DST,3100,GB@HOU 10/25/2020 01:00PM ET,GB,4.8
WR,David Moore (15642588),David Moore,15642588,WR/FLEX,3100,SEA@ARI 10/25/2020 08:20PM ET,SEA,8.1
WR,Trent Taylor (15642728),Trent Taylor,15642728,WR/FLEX,3000,SF@NE 10/25/2020 04:25PM ET,SF,1.75
WR,Dante Pettis (15642730),Dante Pettis,15642730,WR/FLEX,3000,SF@NE 10/25/2020 04:25PM ET,SF,0
WR,Richie James (15642732),Richie James,15642732,WR/FLEX,3000,SF@NE 10/25/2020 04:25PM ET,SF,0
WR,Kevin White (15642734),Kevin White,15642734,WR/FLEX,3000,SF@NE 10/25/2020 04:25PM ET,SF,0
WR,Jalen Hurd (15642736),Jalen Hurd,15642736,WR/FLEX,3000,SF@NE 10/25/2020 04:25PM ET,SF,0
WR,Chris Thompson (15642738),Chris Thompson,15642738,WR/FLEX,3000,SF@NE 10/25/2020 04:25PM ET,SF,0
WR,Tavon Austin (15642740),Tavon Austin,15642740,WR/FLEX,3000,SF@NE 10/25/2020 04:25PM ET,SF,0
WR,Gunner Olszewski (15642742),Gunner Olszewski,15642742,WR/FLEX,3000,SF@NE 10/25/2020 04:25PM ET,NE,1.05
WR,Jakobi Meyers (15642744),Jakobi Meyers,15642744,WR/FLEX,3000,SF@NE 10/25/2020 04:25PM ET,NE,0.57
WR,Matthew Slater (15642746),Matthew Slater,15642746,WR/FLEX,3000,SF@NE 10/25/2020 04:25PM ET,NE,0
WR,Isaiah Zuber (15642748),Isaiah Zuber,15642748,WR/FLEX,3000,SF@NE 10/25/2020 04:25PM ET,NE,1.57
WR,Quincy Adeboyejo (15642750),Quincy Adeboyejo,15642750,WR/FLEX,3000,SF@NE 10/25/2020 04:25PM ET,NE,0
TE,Ryan Izzo (15642796),Ryan Izzo,15642796,TE/FLEX,3000,SF@NE 10/25/2020 04:25PM ET,NE,2.64
WR,Seth Roberts (15642712),Seth Roberts,15642712,WR/FLEX,3000,CAR@NO 10/25/2020 01:00PM ET,CAR,1.78
WR,Pharoh Cooper (15642714),Pharoh Cooper,15642714,WR/FLEX,3000,CAR@NO 10/25/2020 01:00PM ET,CAR,0.37
WR,Brandon Zylstra (15642716),Brandon Zylstra,15642716,WR/FLEX,3000,CAR@NO 10/25/2020 01:00PM ET,CAR,0
WR,Keith Kirkwood (15642718),Keith Kirkwood,15642718,WR/FLEX,3000,CAR@NO 10/25/2020 01:00PM ET,CAR,2.3
WR,Omar Bayless (15642720),Omar Bayless,15642720,WR/FLEX,3000,CAR@NO 10/25/2020 01:00PM ET,CAR,0
WR,Deonte Harris (15642722),Deonte Harris,15642722,WR/FLEX,3000,CAR@NO 10/25/2020 01:00PM ET,NO,3.88
WR,Marquez Callaway (15642724),Marquez Callaway,15642724,WR/FLEX,3000,CAR@NO 10/25/2020 01:00PM ET,NO,2.5
WR,Bennie Fowler III (15642726),Bennie Fowler III,15642726,WR/FLEX,3000,CAR@NO 10/25/2020 01:00PM ET,NO,0.62
TE,Ian Thomas (15642798),Ian Thomas,15642798,TE/FLEX,3000,CAR@NO 10/25/2020 01:00PM ET,CAR,2.65
WR,Jeff Smith (15642696),Jeff Smith,15642696,WR/FLEX,3000,BUF@NYJ 10/25/2020 01:00PM ET,NYJ,7.4
WR,Vyncint Smith (15642698),Vyncint Smith,15642698,WR/FLEX,3000,BUF@NYJ 10/25/2020 01:00PM ET,NYJ,0
WR,Denzel Mims (15642700),Denzel Mims,15642700,WR/FLEX,3000,BUF@NYJ 10/25/2020 01:00PM ET,NYJ,0
WR,Chris Hogan (15642702),Chris Hogan,15642702,WR/FLEX,3000,BUF@NYJ 10/25/2020 01:00PM ET,NYJ,5.16
WR,Josh Malone (15642704),Josh Malone,15642704,WR/FLEX,3000,BUF@NYJ 10/25/2020 01:00PM ET,NYJ,1.7
WR,Isaiah McKenzie (15642706),Isaiah McKenzie,15642706,WR/FLEX,3000,BUF@NYJ 10/25/2020 01:00PM ET,BUF,4.9
WR,Andre Roberts (15642708),Andre Roberts,15642708,WR/FLEX,3000,BUF@NYJ 10/25/2020 01:00PM ET,BUF,0.48
WR,Isaiah Hodgins (15642710),Isaiah Hodgins,15642710,WR/FLEX,3000,BUF@NYJ 10/25/2020 01:00PM ET,BUF,0
TE,Chris Herndon (15642792),Chris Herndon,15642792,TE/FLEX,3000,BUF@NYJ 10/25/2020 01:00PM ET,NYJ,4.36
WR,Quintez Cephus (15642684),Quintez Cephus,15642684,WR/FLEX,3000,DET@ATL 10/25/2020 01:00PM ET,DET,3.92
WR,Marvin Hall (15642686),Marvin Hall,15642686,WR/FLEX,3000,DET@ATL 10/25/2020 01:00PM ET,DET,2.94
WR,Jamal Agnew (15642688),Jamal Agnew,15642688,WR/FLEX,3000,DET@ATL 10/25/2020 01:00PM ET,DET,2.04
WR,Olamide Zaccheaus (15642690),Olamide Zaccheaus,15642690,WR/FLEX,3000,DET@ATL 10/25/2020 01:00PM ET,ATL,4.83
WR,Christian Blake (15642692),Christian Blake,15642692,WR/FLEX,3000,DET@ATL 10/25/2020 01:00PM ET,ATL,1.53
WR,Brandon Powell (15642694),Brandon Powell,15642694,WR/FLEX,3000,DET@ATL 10/25/2020 01:00PM ET,ATL,0.95
WR,Rashard Higgins (15642666),Rashard Higgins,15642666,WR/FLEX,3000,CLE@CIN 10/25/2020 01:00PM ET,CLE,5.58
WR,Donovan Peoples-Jones (15642668),Donovan Peoples-Jones,15642668,WR/FLEX,3000,CLE@CIN 10/25/2020 01:00PM ET,CLE,0
WR,Taywan Taylor (15642670),Taywan Taylor,15642670,WR/FLEX,3000,CLE@CIN 10/25/2020 01:00PM ET,CLE,0
WR,KhaDarel Hodge (15642672),KhaDarel Hodge,15642672,WR/FLEX,3000,CLE@CIN 10/25/2020 01:00PM ET,CLE,2.7
WR,JoJo Natson (15642674),JoJo Natson,15642674,WR/FLEX,3000,CLE@CIN 10/25/2020 01:00PM ET,CLE,0.1
WR,Mike Thomas (15642676),Mike Thomas,15642676,WR/FLEX,3000,CLE@CIN 10/25/2020 01:00PM ET,CIN,3.98
WR,Auden Tate (15642678),Auden Tate,15642678,WR/FLEX,3000,CLE@CIN 10/25/2020 01:00PM ET,CIN,2.4
WR,Alex Erickson (15642680),Alex Erickson,15642680,WR/FLEX,3000,CLE@CIN 10/25/2020 01:00PM ET,CIN,0.43
WR,John Ross III (15642682),John Ross III,15642682,WR/FLEX,3000,CLE@CIN 10/25/2020 01:00PM ET,CIN,1.85
TE,David Njoku (15642790),David Njoku,15642790,TE/FLEX,3000,CLE@CIN 10/25/2020 01:00PM ET,CLE,5.77
WR,Equanimeous St. Brown (15642594),Equanimeous St. Brown,15642594,WR/FLEX,3000,GB@HOU 10/25/2020 01:00PM ET,GB,0
WR,Malik Taylor (15642654),Malik Taylor,15642654,WR/FLEX,3000,GB@HOU 10/25/2020 01:00PM ET,GB,0.6
WR,Darrius Shepherd (15642656),Darrius Shepherd,15642656,WR/FLEX,3000,GB@HOU 10/25/2020 01:00PM ET,GB,2.23
WR,Kenny Stills (15642658),Kenny Stills,15642658,WR/FLEX,3000,GB@HOU 10/25/2020 01:00PM ET,HOU,4.07
WR,DeAndre Carter (15642660),DeAndre Carter,15642660,WR/FLEX,3000,GB@HOU 10/25/2020 01:00PM ET,HOU,0.13
WR,Keke Coutee (15642662),Keke Coutee,15642662,WR/FLEX,3000,GB@HOU 10/25/2020 01:00PM ET,HOU,2.1
WR,Isaiah Coulter (15642664),Isaiah Coulter,15642664,WR/FLEX,3000,GB@HOU 10/25/2020 01:00PM ET,HOU,0
WR,Steven Sims Jr. (15642590),Steven Sims Jr.,15642590,WR/FLEX,3000,DAL@WAS 10/25/2020 01:00PM ET,WAS,5.1
WR,Isaiah Wright (15642638),Isaiah Wright,15642638,WR/FLEX,3000,DAL@WAS 10/25/2020 01:00PM ET,WAS,4.36
WR,Antonio Gandy-Golden (15642640),Antonio Gandy-Golden,15642640,WR/FLEX,3000,DAL@WAS 10/25/2020 01:00PM ET,WAS,0.7
WR,Cam Sims (15642642),Cam Sims,15642642,WR/FLEX,3000,DAL@WAS 10/25/2020 01:00PM ET,WAS,2.15
WR,Kelvin Harmon (15642644),Kelvin Harmon,15642644,WR/FLEX,3000,DAL@WAS 10/25/2020 01:00PM ET,WAS,0
WR,Emanuel Hall (15642646),Emanuel Hall,15642646,WR/FLEX,3000,DAL@WAS 10/25/2020 01:00PM ET,WAS,0
WR,Noah Brown (15642648),Noah Brown,15642648,WR/FLEX,3000,DAL@WAS 10/25/2020 01:00PM ET,DAL,3.7
WR,Malik Turner (15642650),Malik Turner,15642650,WR/FLEX,3000,DAL@WAS 10/25/2020 01:00PM ET,DAL,0
WR,Ventell Bryant (15642652),Ventell Bryant,15642652,WR/FLEX,3000,DAL@WAS 10/25/2020 01:00PM ET,DAL,0
DST,Cowboys  (15642948),Cowboys ,15642948,DST,3000,DAL@WAS 10/25/2020 01:00PM ET,DAL,1.17
WR,Freddie Swain (15642626),Freddie Swain,15642626,WR/FLEX,3000,SEA@ARI 10/25/2020 08:20PM ET,SEA,4.54
WR,Penny Hart (15642628),Penny Hart,15642628,WR/FLEX,3000,SEA@ARI 10/25/2020 08:20PM ET,SEA,0
WR,Phillip Dorsett II (15642630),Phillip Dorsett II,15642630,WR/FLEX,3000,SEA@ARI 10/25/2020 08:20PM ET,SEA,0
WR,Josh Gordon (15642632),Josh Gordon,15642632,WR/FLEX,3000,SEA@ARI 10/25/2020 08:20PM ET,SEA,0
WR,KeeSean Johnson (15642634),KeeSean Johnson,15642634,WR/FLEX,3000,SEA@ARI 10/25/2020 08:20PM ET,ARI,2.95
WR,Trent Sherfield (15642636),Trent Sherfield,15642636,WR/FLEX,3000,SEA@ARI 10/25/2020 08:20PM ET,ARI,0.27
WR,Byron Pringle (15642616),Byron Pringle,15642616,WR/FLEX,3000,KC@DEN 10/25/2020 04:25PM ET,KC,1.98
WR,DaeSean Hamilton (15642618),DaeSean Hamilton,15642618,WR/FLEX,3000,KC@DEN 10/25/2020 04:25PM ET,DEN,1.24
WR,Diontae Spencer (15642620),Diontae Spencer,15642620,WR/FLEX,3000,KC@DEN 10/25/2020 04:25PM ET,DEN,0.52
WR,Tyrie Cleveland (15642622),Tyrie Cleveland,15642622,WR/FLEX,3000,KC@DEN 10/25/2020 04:25PM ET,DEN,0.42
WR,Courtland Sutton (15642624),Courtland Sutton,15642624,WR/FLEX,3000,KC@DEN 10/25/2020 04:25PM ET,DEN,9.6
WR,Justin Watson (15667815),Justin Watson,15667815,WR/FLEX,3000,TB@LV 10/25/2020 04:05PM ET,TB,5.47
WR,Jaydon Mickens (15667817),Jaydon Mickens,15667817,WR/FLEX,3000,TB@LV 10/25/2020 04:05PM ET,TB,0.7
WR,Cyril Grayson (15667819),Cyril Grayson,15667819,WR/FLEX,3000,TB@LV 10/25/2020 04:05PM ET,TB,0
WR,John Hurst (15667821),John Hurst,15667821,WR/FLEX,3000,TB@LV 10/25/2020 04:05PM ET,TB,0
WR,John Franklin III (15667823),John Franklin III,15667823,WR/FLEX,3000,TB@LV 10/25/2020 04:05PM ET,TB,0
WR,Bryan Edwards (15667825),Bryan Edwards,15667825,WR/FLEX,3000,TB@LV 10/25/2020 04:05PM ET,LV,4.97
WR,Zay Jones (15667827),Zay Jones,15667827,WR/FLEX,3000,TB@LV 10/25/2020 04:05PM ET,LV,4.62
WR,Rico Gafford (15667829),Rico Gafford,15667829,WR/FLEX,3000,TB@LV 10/25/2020 04:05PM ET,LV,0
WR,Tyrell Williams (15667831),Tyrell Williams,15667831,WR/FLEX,3000,TB@LV 10/25/2020 04:05PM ET,LV,0
WR,Chris Conley (15642592),Chris Conley,15642592,WR/FLEX,3000,JAX@LAC 10/25/2020 04:25PM ET,JAX,5.6
WR,Collin Johnson (15642604),Collin Johnson,15642604,WR/FLEX,3000,JAX@LAC 10/25/2020 04:25PM ET,JAX,3.14
WR,Dede Westbrook (15642606),Dede Westbrook,15642606,WR/FLEX,3000,JAX@LAC 10/25/2020 04:25PM ET,JAX,1.4
WR,Jason Moore (15642608),Jason Moore,15642608,WR/FLEX,3000,JAX@LAC 10/25/2020 04:25PM ET,LAC,0
WR,K.J. Hill (15642610),K.J. Hill,15642610,WR/FLEX,3000,JAX@LAC 10/25/2020 04:25PM ET,LAC,0.86
WR,Tyron Johnson (15642612),Tyron Johnson,15642612,WR/FLEX,3000,JAX@LAC 10/25/2020 04:25PM ET,LAC,6.5
WR,Joe Reed (15642614),Joe Reed,15642614,WR/FLEX,3000,JAX@LAC 10/25/2020 04:25PM ET,LAC,0.27
TE,Tyler Eifert (15642794),Tyler Eifert,15642794,TE/FLEX,3000,JAX@LAC 10/25/2020 04:25PM ET,JAX,4.38
WR,Ray-Ray McCloud III (15642596),Ray-Ray McCloud III,15642596,WR/FLEX,3000,PIT@TEN 10/25/2020 01:00PM ET,PIT,2.1
WR,Deon Cain (15642598),Deon Cain,15642598,WR/FLEX,3000,PIT@TEN 10/25/2020 01:00PM ET,PIT,0
WR,Nick Westbrook-Ikhine (15642600),Nick Westbrook-Ikhine,15642600,WR/FLEX,3000,PIT@TEN 10/25/2020 01:00PM ET,TEN,0.92
WR,Cameron Batson (15642602),Cameron Batson,15642602,WR/FLEX,3000,PIT@TEN 10/25/2020 01:00PM ET,TEN,2.67
TE,Anthony Firkser (15642800),Anthony Firkser,15642800,TE/FLEX,3000,PIT@TEN 10/25/2020 01:00PM ET,TEN,8.84
DST,Panthers  (15642956),Panthers ,15642956,DST,2900,CAR@NO 10/25/2020 01:00PM ET,CAR,3.83
TE,Ryan Griffin (15642802),Ryan Griffin,15642802,TE/FLEX,2900,BUF@NYJ 10/25/2020 01:00PM ET,NYJ,1.54
TE,Will Dissly (15642804),Will Dissly,15642804,TE/FLEX,2900,SEA@ARI 10/25/2020 08:20PM ET,SEA,3.92
DST,Broncos  (15642949),Broncos ,15642949,DST,2900,KC@DEN 10/25/2020 04:25PM ET,DEN,6.6
DST,Browns  (15642950),Browns ,15642950,DST,2800,CLE@CIN 10/25/2020 01:00PM ET,CLE,6.17
DST,Bengals  (15642952),Bengals ,15642952,DST,2800,CLE@CIN 10/25/2020 01:00PM ET,CIN,3.33
TE,Josh Oliver (15642806),Josh Oliver,15642806,TE/FLEX,2800,JAX@LAC 10/25/2020 04:25PM ET,JAX,0
TE,Darrell Daniels (15642810),Darrell Daniels,15642810,TE/FLEX,2700,SEA@ARI 10/25/2020 08:20PM ET,ARI,1.87
DST,Seahawks  (15642953),Seahawks ,15642953,DST,2700,SEA@ARI 10/25/2020 08:20PM ET,SEA,6.4
TE,Jake Butt (15642808),Jake Butt,15642808,TE/FLEX,2700,KC@DEN 10/25/2020 04:25PM ET,DEN,0.62
TE,Cameron Brate (15667837),Cameron Brate,15667837,TE/FLEX,2700,TB@LV 10/25/2020 04:05PM ET,TB,3
TE,Dan Arnold (15642818),Dan Arnold,15642818,TE/FLEX,2600,SEA@ARI 10/25/2020 08:20PM ET,ARI,3.12
TE,Nick Vannett (15642812),Nick Vannett,15642812,TE/FLEX,2600,KC@DEN 10/25/2020 04:25PM ET,DEN,0.95
TE,James O'Shaughnessy (15642816),James O'Shaughnessy,15642816,TE/FLEX,2600,JAX@LAC 10/25/2020 04:25PM ET,JAX,3.92
DST,Jaguars  (15642954),Jaguars ,15642954,DST,2600,JAX@LAC 10/25/2020 04:25PM ET,JAX,2.17
TE,Vance McDonald (15642814),Vance McDonald,15642814,TE/FLEX,2600,PIT@TEN 10/25/2020 01:00PM ET,PIT,2.62
TE,Ross Dwelley (15642928),Ross Dwelley,15642928,TE/FLEX,2500,SF@NE 10/25/2020 04:25PM ET,SF,2.08
TE,Charlie Woerner (15642930),Charlie Woerner,15642930,TE/FLEX,2500,SF@NE 10/25/2020 04:25PM ET,SF,0
TE,Daniel Helm (15642932),Daniel Helm,15642932,TE/FLEX,2500,SF@NE 10/25/2020 04:25PM ET,SF,0
TE,Jordan Reed (15642934),Jordan Reed,15642934,TE/FLEX,2500,SF@NE 10/25/2020 04:25PM ET,SF,10.5
TE,Devin Asiasi (15642936),Devin Asiasi,15642936,TE/FLEX,2500,SF@NE 10/25/2020 04:25PM ET,NE,0
TE,Dalton Keene (15642938),Dalton Keene,15642938,TE/FLEX,2500,SF@NE 10/25/2020 04:25PM ET,NE,0
TE,Adam Trautman (15642820),Adam Trautman,15642820,TE/FLEX,2500,CAR@NO 10/25/2020 01:00PM ET,NO,1.6
TE,Chris Manhertz (15642920),Chris Manhertz,15642920,TE/FLEX,2500,CAR@NO 10/25/2020 01:00PM ET,CAR,1.5
TE,Colin Thompson (15642922),Colin Thompson,15642922,TE/FLEX,2500,CAR@NO 10/25/2020 01:00PM ET,CAR,0
TE,Josh Hill (15642924),Josh Hill,15642924,TE/FLEX,2500,CAR@NO 10/25/2020 01:00PM ET,NO,1.08
TE,Zach Wood (15642926),Zach Wood,15642926,TE/FLEX,2500,CAR@NO 10/25/2020 01:00PM ET,NO,0
TE,Trevon Wesco (15642910),Trevon Wesco,15642910,TE/FLEX,2500,BUF@NYJ 10/25/2020 01:00PM ET,NYJ,0.3
TE,Daniel Brown (15642912),Daniel Brown,15642912,TE/FLEX,2500,BUF@NYJ 10/25/2020 01:00PM ET,NYJ,0
TE,Lee Smith (15642914),Lee Smith,15642914,TE/FLEX,2500,BUF@NYJ 10/25/2020 01:00PM ET,BUF,7.1
TE,Tommy Sweeney (15642916),Tommy Sweeney,15642916,TE/FLEX,2500,BUF@NYJ 10/25/2020 01:00PM ET,BUF,0
TE,Reggie Gilliam (15642918),Reggie Gilliam,15642918,TE/FLEX,2500,BUF@NYJ 10/25/2020 01:00PM ET,BUF,1.78
TE,Jesse James (15642900),Jesse James,15642900,TE/FLEX,2500,DET@ATL 10/25/2020 01:00PM ET,DET,4.3
TE,Isaac Nauta (15642902),Isaac Nauta,15642902,TE/FLEX,2500,DET@ATL 10/25/2020 01:00PM ET,DET,0
TE,Hunter Bryant (15642904),Hunter Bryant,15642904,TE/FLEX,2500,DET@ATL 10/25/2020 01:00PM ET,DET,0
TE,Luke Stocker (15642906),Luke Stocker,15642906,TE/FLEX,2500,DET@ATL 10/25/2020 01:00PM ET,ATL,0.56
TE,Jaeden Graham (15642908),Jaeden Graham,15642908,TE/FLEX,2500,DET@ATL 10/25/2020 01:00PM ET,ATL,0.34
TE,Harrison Bryant (15642888),Harrison Bryant,15642888,TE/FLEX,2500,CLE@CIN 10/25/2020 01:00PM ET,CLE,3.5
TE,Stephen Carlson (15642890),Stephen Carlson,15642890,TE/FLEX,2500,CLE@CIN 10/25/2020 01:00PM ET,CLE,0.4
TE,Cethan Carter (15642892),Cethan Carter,15642892,TE/FLEX,2500,CLE@CIN 10/25/2020 01:00PM ET,CIN,0.75
TE,Mason Schreck (15642894),Mason Schreck,15642894,TE/FLEX,2500,CLE@CIN 10/25/2020 01:00PM ET,CIN,0
TE,C.J. Uzomah (15642896),C.J. Uzomah,15642896,TE/FLEX,2500,CLE@CIN 10/25/2020 01:00PM ET,CIN,11.35
TE,Clark Harris (15642898),Clark Harris,15642898,TE/FLEX,2500,CLE@CIN 10/25/2020 01:00PM ET,CIN,0
TE,Jace Sternberger (15642876),Jace Sternberger,15642876,TE/FLEX,2500,GB@HOU 10/25/2020 01:00PM ET,GB,1.65
TE,Marcedes Lewis (15642878),Marcedes Lewis,15642878,TE/FLEX,2500,GB@HOU 10/25/2020 01:00PM ET,GB,2.55
TE,Josiah Deguara (15642880),Josiah Deguara,15642880,TE/FLEX,2500,GB@HOU 10/25/2020 01:00PM ET,GB,1.1
TE,John Lovett (15642882),John Lovett,15642882,TE/FLEX,2500,GB@HOU 10/25/2020 01:00PM ET,GB,0
TE,Pharaoh Brown (15642884),Pharaoh Brown,15642884,TE/FLEX,2500,GB@HOU 10/25/2020 01:00PM ET,HOU,1.55
TE,Kahale Warring (15642886),Kahale Warring,15642886,TE/FLEX,2500,GB@HOU 10/25/2020 01:00PM ET,HOU,0
TE,Marcus Baugh (15642862),Marcus Baugh,15642862,TE/FLEX,2500,DAL@WAS 10/25/2020 01:00PM ET,WAS,0.3
TE,Jeremy Sprinkle (15642864),Jeremy Sprinkle,15642864,TE/FLEX,2500,DAL@WAS 10/25/2020 01:00PM ET,WAS,0
TE,Temarrick Hemingway (15642866),Temarrick Hemingway,15642866,TE/FLEX,2500,DAL@WAS 10/25/2020 01:00PM ET,WAS,2
TE,Thaddeus Moss (15642868),Thaddeus Moss,15642868,TE/FLEX,2500,DAL@WAS 10/25/2020 01:00PM ET,WAS,0
TE,Blake Bell (15642870),Blake Bell,15642870,TE/FLEX,2500,DAL@WAS 10/25/2020 01:00PM ET,DAL,2.02
TE,Sean McKeon (15642872),Sean McKeon,15642872,TE/FLEX,2500,DAL@WAS 10/25/2020 01:00PM ET,DAL,0
TE,Blake Jarwin (15642874),Blake Jarwin,15642874,TE/FLEX,2500,DAL@WAS 10/25/2020 01:00PM ET,DAL,2.2
DST,WAS Football Team  (15642951),WAS Football Team ,15642951,DST,2500,DAL@WAS 10/25/2020 01:00PM ET,WAS,5
TE,Jacob Hollister (15642850),Jacob Hollister,15642850,TE/FLEX,2500,SEA@ARI 10/25/2020 08:20PM ET,SEA,3.67
TE,Luke Willson (15642852),Luke Willson,15642852,TE/FLEX,2500,SEA@ARI 10/25/2020 08:20PM ET,SEA,0
TE,Colby Parkinson (15642854),Colby Parkinson,15642854,TE/FLEX,2500,SEA@ARI 10/25/2020 08:20PM ET,SEA,0
TE,Tyler Ott (15642856),Tyler Ott,15642856,TE/FLEX,2500,SEA@ARI 10/25/2020 08:20PM ET,SEA,0
TE,Jordan Thomas (15642858),Jordan Thomas,15642858,TE/FLEX,2500,SEA@ARI 10/25/2020 08:20PM ET,ARI,2.43
TE,Maxx Williams (15642860),Maxx Williams,15642860,TE/FLEX,2500,SEA@ARI 10/25/2020 08:20PM ET,ARI,0
TE,Nick Keizer (15642836),Nick Keizer,15642836,TE/FLEX,2500,KC@DEN 10/25/2020 04:25PM ET,KC,0.24
TE,Deon Yelder (15642838),Deon Yelder,15642838,TE/FLEX,2500,KC@DEN 10/25/2020 04:25PM ET,KC,0.75
TE,Ricky Seals-Jones (15642840),Ricky Seals-Jones,15642840,TE/FLEX,2500,KC@DEN 10/25/2020 04:25PM ET,KC,0
TE,James Winchester (15642842),James Winchester,15642842,TE/FLEX,2500,KC@DEN 10/25/2020 04:25PM ET,KC,0
TE,Albert Okwuegbunam (15642844),Albert Okwuegbunam,15642844,TE/FLEX,2500,KC@DEN 10/25/2020 04:25PM ET,DEN,6.5
TE,Austin Fort (15642846),Austin Fort,15642846,TE/FLEX,2500,KC@DEN 10/25/2020 04:25PM ET,DEN,0
TE,Andrew Beck (15642848),Andrew Beck,15642848,TE/FLEX,2500,KC@DEN 10/25/2020 04:25PM ET,DEN,0
TE,Tanner Hudson (15667839),Tanner Hudson,15667839,TE/FLEX,2500,TB@LV 10/25/2020 04:05PM ET,TB,0.48
TE,O.J. Howard (15667841),O.J. Howard,15667841,TE/FLEX,2500,TB@LV 10/25/2020 04:05PM ET,TB,9.4
TE,Antony Auclair (15667843),Antony Auclair,15667843,TE/FLEX,2500,TB@LV 10/25/2020 04:05PM ET,TB,0
TE,Jason Witten (15667845),Jason Witten,15667845,TE/FLEX,2500,TB@LV 10/25/2020 04:05PM ET,LV,2.98
TE,Foster Moreau (15667847),Foster Moreau,15667847,TE/FLEX,2500,TB@LV 10/25/2020 04:05PM ET,LV,4.1
TE,Derek Carrier (15667849),Derek Carrier,15667849,TE/FLEX,2500,TB@LV 10/25/2020 04:05PM ET,LV,0
TE,Nick O'Leary (15667851),Nick O'Leary,15667851,TE/FLEX,2500,TB@LV 10/25/2020 04:05PM ET,LV,0
TE,Tyler Davis (15642828),Tyler Davis,15642828,TE/FLEX,2500,JAX@LAC 10/25/2020 04:25PM ET,JAX,0
TE,Virgil Green (15642830),Virgil Green,15642830,TE/FLEX,2500,JAX@LAC 10/25/2020 04:25PM ET,LAC,0.88
TE,Stephen Anderson (15642832),Stephen Anderson,15642832,TE/FLEX,2500,JAX@LAC 10/25/2020 04:25PM ET,LAC,0
TE,Donald Parham Jr. (15642834),Donald Parham Jr.,15642834,TE/FLEX,2500,JAX@LAC 10/25/2020 04:25PM ET,LAC,4.45
TE,Zach Gentry (15642822),Zach Gentry,15642822,TE/FLEX,2500,PIT@TEN 10/25/2020 01:00PM ET,PIT,0
TE,Geoff Swaim (15642824),Geoff Swaim,15642824,TE/FLEX,2500,PIT@TEN 10/25/2020 01:00PM ET,TEN,1.5
TE,MyCole Pruitt (15642826),MyCole Pruitt,15642826,TE/FLEX,2500,PIT@TEN 10/25/2020 01:00PM ET,TEN,3.57
DST,Titans  (15642955),Titans ,15642955,DST,2500,PIT@TEN 10/25/2020 01:00PM ET,TEN,4.2
DST,Falcons  (15642957),Falcons ,15642957,DST,2400,DET@ATL 10/25/2020 01:00PM ET,ATL,2.33
DST,Raiders  (15667854),Raiders ,15667854,DST,2400,TB@LV 10/25/2020 04:05PM ET,LV,1.8
DST,Cardinals  (15642958),Cardinals ,15642958,DST,2300,SEA@ARI 10/25/2020 08:20PM ET,ARI,7
DST,Lions  (15642959),Lions ,15642959,DST,2200,DET@ATL 10/25/2020 01:00PM ET,DET,2.2
DST,Texans  (15642960),Texans ,15642960,DST,2200,GB@HOU 10/25/2020 01:00PM ET,HOU,3.33
DST,Jets  (15642961),Jets ,15642961,DST,2000,BUF@NYJ 10/25/2020 01:00PM ET,NYJ,4.5
